relative_path,class_name,split
alicate_corte\001.jpg,alicate_corte,train
alicate_corte\002.jpg,alicate_corte,test
alicate_corte\003.jpg,alicate_corte,train
alicate_corte\004.jpg,alicate_corte,train
alicate_corte\005.jpg,alicate_corte,val
alicate_corte\006.jpg,alicate_corte,train
alicate_corte\007.jpg,alicate_corte,train
alicate_corte\008.jpg,alicate_corte,train
alicate_corte\009.jpg,alicate_corte,val
alicate_corte\010.jpg,alicate_corte,train
alicate_corte\011.jpg,alicate_corte,train
alicate_corte\012.jpg,alicate_corte,train
alicate_corte\013.jpg,alicate_corte,val
alicate_corte\014.jpg,alicate_corte,val
alicate_corte\015.jpg,alicate_corte,test
alicate_corte\016.jpg,alicate_corte,train
alicate_corte\017.jpg,alicate_corte,train
alicate_corte\018.jpg,alicate_corte,train
alicate_corte\019.jpg,alicate_corte,train
alicate_corte\020.jpg,alicate_corte,val
alicate_corte\021.jpg,alicate_corte,test
alicate_corte\022.jpg,alicate_corte,test
alicate_corte\023.jpg,alicate_corte,train
alicate_corte\024.jpg,alicate_corte,train
alicate_corte\025.jpg,alicate_corte,val
alicate_corte\026.jpg,alicate_corte,train
alicate_corte\027.jpg,alicate_corte,train
alicate_corte\028.jpg,alicate_corte,train
alicate_corte\029.jpg,alicate_corte,train
alicate_corte\030.jpg,alicate_corte,train
alicate_corte\031.jpg,alicate_corte,train
alicate_corte\032.jpg,alicate_corte,train
alicate_corte\033.jpg,alicate_corte,train
alicate_corte\034.jpg,alicate_corte,train
alicate_corte\035.jpg,alicate_corte,train
alicate_corte\036.jpg,alicate_corte,val
alicate_corte\037.jpg,alicate_corte,train
alicate_corte\038.jpg,alicate_corte,test
alicate_corte\039.jpg,alicate_corte,train
alicate_corte\040.jpg,alicate_corte,train
alicate_corte\041.jpg,alicate_corte,train
alicate_corte\042.jpg,alicate_corte,train
alicate_corte\043.jpg,alicate_corte,train
alicate_corte\044.jpg,alicate_corte,train
alicate_corte\045.jpg,alicate_corte,train
alicate_corte\046.jpg,alicate_corte,val
alicate_corte\047.jpg,alicate_corte,train
alicate_corte\048.jpg,alicate_corte,train
alicate_corte\049.jpg,alicate_corte,test
alicate_corte\050.jpg,alicate_corte,train
alicate_corte\051.jpg,alicate_corte,val
alicate_corte\052.jpg,alicate_corte,train
alicate_corte\053.jpg,alicate_corte,test
alicate_corte\054.jpg,alicate_corte,train
alicate_corte\055.jpg,alicate_corte,train
alicate_corte\056.jpg,alicate_corte,train
alicate_corte\057.jpg,alicate_corte,val
alicate_corte\058.jpg,alicate_corte,test
alicate_corte\059.jpg,alicate_corte,test
alicate_corte\060.jpg,alicate_corte,train
alicate_corte\061.jpg,alicate_corte,val
alicate_corte\062.jpg,alicate_corte,train
alicate_corte\063.jpg,alicate_corte,train
alicate_corte\064.jpg,alicate_corte,train
alicate_corte\065.jpg,alicate_corte,train
alicate_corte\066.jpg,alicate_corte,train
alicate_corte\067.jpg,alicate_corte,train
alicate_corte\068.jpg,alicate_corte,train
alicate_corte\069.jpg,alicate_corte,train
alicate_corte\070.jpg,alicate_corte,train
alicate_corte\071.jpg,alicate_corte,train
alicate_corte\072.jpg,alicate_corte,test
alicate_corte\073.jpg,alicate_corte,train
alicate_corte\074.jpg,alicate_corte,train
alicate_corte\075.jpg,alicate_corte,test
alicate_corte\076.jpg,alicate_corte,train
alicate_corte\077.jpg,alicate_corte,train
alicate_corte\078.jpg,alicate_corte,train
alicate_corte\079.jpg,alicate_corte,train
alicate_corte\080.jpg,alicate_corte,train
alicate_corte\081.jpg,alicate_corte,train
alicate_corte\082.jpg,alicate_corte,train
alicate_corte\083.jpg,alicate_corte,train
alicate_corte\084.jpg,alicate_corte,train
alicate_corte\085.jpg,alicate_corte,train
alicate_corte\086.jpg,alicate_corte,train
alicate_corte\087.jpg,alicate_corte,val
alicate_corte\088.jpg,alicate_corte,test
alicate_corte\089.jpg,alicate_corte,test
alicate_corte\090.jpg,alicate_corte,val
alicate_corte\091.jpg,alicate_corte,train
alicate_corte\092.jpg,alicate_corte,train
alicate_corte\093.jpg,alicate_corte,test
alicate_corte\094.jpg,alicate_corte,train
alicate_corte\095.jpg,alicate_corte,train
alicate_corte\096.jpg,alicate_corte,train
alicate_corte\097.jpg,alicate_corte,train
alicate_corte\098.jpg,alicate_corte,train
alicate_corte\099.jpg,alicate_corte,train
alicate_corte\100.jpg,alicate_corte,test
alicate_corte\101.jpg,alicate_corte,train
alicate_corte\102.jpg,alicate_corte,train
alicate_corte\103.jpg,alicate_corte,test
alicate_corte\104.jpg,alicate_corte,test
alicate_corte\105.jpg,alicate_corte,train
alicate_corte\106.jpg,alicate_corte,train
alicate_corte\107.jpg,alicate_corte,test
alicate_corte\108.jpg,alicate_corte,train
alicate_corte\109.jpg,alicate_corte,val
alicate_corte\110.jpg,alicate_corte,train
alicate_corte\111.jpg,alicate_corte,train
alicate_corte\112.jpg,alicate_corte,train
alicate_corte\113.jpg,alicate_corte,train
alicate_corte\114.jpg,alicate_corte,train
alicate_corte\115.jpg,alicate_corte,train
alicate_corte\116.jpg,alicate_corte,train
alicate_corte\117.jpg,alicate_corte,test
alicate_corte\118.jpg,alicate_corte,val
alicate_corte\119.jpg,alicate_corte,train
alicate_corte\120.jpg,alicate_corte,train
alicate_corte\121.jpg,alicate_corte,val
alicate_corte\122.jpg,alicate_corte,test
alicate_corte\123.jpg,alicate_corte,train
alicate_corte\124.jpg,alicate_corte,train
alicate_corte\125.jpg,alicate_corte,train
alicate_corte\126.jpg,alicate_corte,train
alicate_corte\127.jpg,alicate_corte,train
alicate_corte\128.jpg,alicate_corte,train
alicate_corte\129.jpg,alicate_corte,val
alicate_corte\130.jpg,alicate_corte,test
alicate_corte\131.jpg,alicate_corte,test
alicate_corte\132.jpg,alicate_corte,train
alicate_corte\133.jpg,alicate_corte,train
alicate_corte\134.jpg,alicate_corte,train
alicate_corte\135.jpg,alicate_corte,train
alicate_corte\136.jpg,alicate_corte,train
alicate_corte\137.jpg,alicate_corte,train
alicate_corte\138.jpg,alicate_corte,train
alicate_corte\139.jpg,alicate_corte,train
alicate_corte\140.jpg,alicate_corte,val
alicate_corte\141.jpg,alicate_corte,train
alicate_corte\142.jpg,alicate_corte,val
alicate_corte\143.jpg,alicate_corte,train
alicate_corte\144.jpg,alicate_corte,train
alicate_corte\145.jpg,alicate_corte,train
alicate_corte\146.jpg,alicate_corte,train
alicate_corte\147.jpg,alicate_corte,val
alicate_corte\148.jpg,alicate_corte,val
alicate_corte\149.jpg,alicate_corte,train
alicate_corte\150.jpg,alicate_corte,test
alicate_corte\151.jpg,alicate_corte,train
alicate_corte\152.jpg,alicate_corte,test
alicate_corte\153.jpg,alicate_corte,train
alicate_corte\154.jpg,alicate_corte,val
alicate_corte\155.jpg,alicate_corte,train
alicate_corte\156.jpg,alicate_corte,val
alicate_corte\157.jpg,alicate_corte,train
alicate_corte\158.jpg,alicate_corte,test
alicate_corte\159.jpg,alicate_corte,train
alicate_corte\160.jpg,alicate_corte,train
alicate_corte\161.jpg,alicate_corte,test
alicate_corte\162.jpg,alicate_corte,val
alicate_corte\163.jpg,alicate_corte,train
alicate_corte\164.jpg,alicate_corte,train
alicate_corte\165.jpg,alicate_corte,train
alicate_corte\166.jpg,alicate_corte,val
alicate_corte\167.jpg,alicate_corte,train
alicate_corte\168.jpg,alicate_corte,train
alicate_corte\169.jpg,alicate_corte,train
alicate_corte\170.jpg,alicate_corte,test
alicate_corte\171.jpg,alicate_corte,train
alicate_corte\172.jpg,alicate_corte,val
alicate_corte\173.jpg,alicate_corte,train
alicate_corte\174.jpg,alicate_corte,train
alicate_corte\175.jpg,alicate_corte,train
alicate_corte\176.jpg,alicate_corte,train
alicate_corte\177.jpg,alicate_corte,train
alicate_corte\178.jpg,alicate_corte,train
alicate_corte\179.jpg,alicate_corte,train
alicate_corte\180.jpg,alicate_corte,test
alicate_corte\181.jpg,alicate_corte,train
alicate_corte\182.jpg,alicate_corte,train
alicate_corte\183.jpg,alicate_corte,train
alicate_corte\184.jpg,alicate_corte,train
alicate_corte\185.jpg,alicate_corte,train
alicate_corte\186.jpg,alicate_corte,val
alicate_corte\187.jpg,alicate_corte,train
alicate_corte\188.jpg,alicate_corte,train
alicate_corte\189.jpg,alicate_corte,test
alicate_corte\190.jpg,alicate_corte,val
alicate_corte\191.jpg,alicate_corte,train
alicate_corte\192.jpg,alicate_corte,val
alicate_corte\193.jpg,alicate_corte,train
alicate_corte\194.jpg,alicate_corte,train
alicate_corte\195.jpg,alicate_corte,train
alicate_corte\196.jpg,alicate_corte,train
alicate_corte\197.jpg,alicate_corte,test
alicate_corte\198.jpg,alicate_corte,train
alicate_corte\199.jpg,alicate_corte,train
alicate_corte\200.jpg,alicate_corte,train
alicate_corte\201.jpg,alicate_corte,test
alicate_corte\202.jpg,alicate_corte,train
alicate_corte\203.jpg,alicate_corte,train
alicate_corte\204.jpg,alicate_corte,train
alicate_corte\205.jpg,alicate_corte,train
alicate_corte\206.jpg,alicate_corte,val
alicate_corte\207.jpg,alicate_corte,val
calibrador\001.jpg,calibrador,train
calibrador\002.jpg,calibrador,train
calibrador\003.jpg,calibrador,test
calibrador\004.jpg,calibrador,train
calibrador\005.jpg,calibrador,train
calibrador\006.jpg,calibrador,train
calibrador\007.jpg,calibrador,train
calibrador\008.jpg,calibrador,val
calibrador\009.jpg,calibrador,val
calibrador\010.jpg,calibrador,train
calibrador\011.jpg,calibrador,train
calibrador\012.jpg,calibrador,train
calibrador\013.jpg,calibrador,train
calibrador\014.jpg,calibrador,train
calibrador\015.jpg,calibrador,train
calibrador\016.jpg,calibrador,train
calibrador\017.jpg,calibrador,train
calibrador\018.jpg,calibrador,train
calibrador\019.jpg,calibrador,train
calibrador\020.jpg,calibrador,train
calibrador\021.jpg,calibrador,val
calibrador\022.jpg,calibrador,train
calibrador\023.jpg,calibrador,train
calibrador\024.jpg,calibrador,test
calibrador\025.jpg,calibrador,train
calibrador\026.jpg,calibrador,train
calibrador\027.jpg,calibrador,train
calibrador\028.jpg,calibrador,train
calibrador\029.jpg,calibrador,val
calibrador\030.jpg,calibrador,train
calibrador\031.jpg,calibrador,train
calibrador\032.jpg,calibrador,val
calibrador\033.jpg,calibrador,val
calibrador\034.jpg,calibrador,train
calibrador\035.jpg,calibrador,train
calibrador\036.jpg,calibrador,train
calibrador\037.jpg,calibrador,train
calibrador\038.jpg,calibrador,test
calibrador\039.jpg,calibrador,val
calibrador\040.jpg,calibrador,train
calibrador\041.jpg,calibrador,train
calibrador\042.jpg,calibrador,train
calibrador\043.jpg,calibrador,train
calibrador\044.jpg,calibrador,train
calibrador\045.jpg,calibrador,train
calibrador\046.jpg,calibrador,train
calibrador\047.jpg,calibrador,train
calibrador\048.jpg,calibrador,train
calibrador\049.jpg,calibrador,val
calibrador\050.jpg,calibrador,train
calibrador\051.jpg,calibrador,train
calibrador\052.jpg,calibrador,train
calibrador\053.jpg,calibrador,train
calibrador\054.jpg,calibrador,train
calibrador\055.jpg,calibrador,train
calibrador\056.jpg,calibrador,train
calibrador\057.jpg,calibrador,train
calibrador\058.jpg,calibrador,train
calibrador\059.jpg,calibrador,val
calibrador\060.jpg,calibrador,train
calibrador\061.jpg,calibrador,train
calibrador\062.jpg,calibrador,train
calibrador\063.jpg,calibrador,train
calibrador\064.jpg,calibrador,train
calibrador\065.jpg,calibrador,train
calibrador\066.jpg,calibrador,val
calibrador\067.jpg,calibrador,train
calibrador\068.jpg,calibrador,test
calibrador\069.jpg,calibrador,test
calibrador\070.jpg,calibrador,test
calibrador\071.jpg,calibrador,train
calibrador\072.jpg,calibrador,train
calibrador\073.jpg,calibrador,val
calibrador\074.jpg,calibrador,train
calibrador\075.jpg,calibrador,val
calibrador\076.jpg,calibrador,train
calibrador\077.jpg,calibrador,train
calibrador\078.jpg,calibrador,train
calibrador\079.jpg,calibrador,train
calibrador\080.jpg,calibrador,train
calibrador\081.jpg,calibrador,train
calibrador\082.jpg,calibrador,val
calibrador\083.jpg,calibrador,train
calibrador\084.jpg,calibrador,train
calibrador\085.jpg,calibrador,train
calibrador\086.jpg,calibrador,train
calibrador\087.jpg,calibrador,train
calibrador\088.jpg,calibrador,train
calibrador\089.jpg,calibrador,train
calibrador\090.jpg,calibrador,test
calibrador\091.jpg,calibrador,train
calibrador\092.jpg,calibrador,train
calibrador\093.jpg,calibrador,test
calibrador\094.jpg,calibrador,val
calibrador\095.jpg,calibrador,train
calibrador\096.jpg,calibrador,test
calibrador\097.jpg,calibrador,test
calibrador\098.jpg,calibrador,test
calibrador\099.jpg,calibrador,train
calibrador\100.jpg,calibrador,train
calibrador\101.jpg,calibrador,train
calibrador\102.jpg,calibrador,val
calibrador\103.jpg,calibrador,train
calibrador\104.jpg,calibrador,train
calibrador\105.jpg,calibrador,train
calibrador\106.jpg,calibrador,train
calibrador\107.jpg,calibrador,train
calibrador\108.jpg,calibrador,train
calibrador\109.jpg,calibrador,train
calibrador\110.jpg,calibrador,train
calibrador\111.jpg,calibrador,val
calibrador\112.jpg,calibrador,train
calibrador\113.jpg,calibrador,val
calibrador\114.jpg,calibrador,train
calibrador\115.jpg,calibrador,train
calibrador\116.jpg,calibrador,test
calibrador\117.jpg,calibrador,train
calibrador\118.jpg,calibrador,train
calibrador\119.jpg,calibrador,train
calibrador\120.jpg,calibrador,train
calibrador\121.jpg,calibrador,train
calibrador\122.jpg,calibrador,train
calibrador\123.jpg,calibrador,test
calibrador\124.jpg,calibrador,test
calibrador\125.jpg,calibrador,train
calibrador\126.jpg,calibrador,train
calibrador\127.jpg,calibrador,train
calibrador\128.jpg,calibrador,train
calibrador\129.jpg,calibrador,train
calibrador\130.jpg,calibrador,val
calibrador\131.jpg,calibrador,train
calibrador\132.jpg,calibrador,train
calibrador\133.jpg,calibrador,val
calibrador\134.jpg,calibrador,val
calibrador\135.jpg,calibrador,train
calibrador\136.jpg,calibrador,val
calibrador\137.jpg,calibrador,train
calibrador\138.jpg,calibrador,val
calibrador\139.jpg,calibrador,test
calibrador\140.jpg,calibrador,train
calibrador\141.jpg,calibrador,train
calibrador\142.jpg,calibrador,train
calibrador\143.jpg,calibrador,val
calibrador\144.jpg,calibrador,test
calibrador\145.jpg,calibrador,test
calibrador\146.jpg,calibrador,train
calibrador\147.jpg,calibrador,test
calibrador\148.jpg,calibrador,test
calibrador\149.jpg,calibrador,train
calibrador\150.jpg,calibrador,train
calibrador\151.jpg,calibrador,val
calibrador\152.jpg,calibrador,val
calibrador\153.jpg,calibrador,train
calibrador\154.jpg,calibrador,train
calibrador\155.jpg,calibrador,train
calibrador\156.jpg,calibrador,train
calibrador\157.jpg,calibrador,train
calibrador\158.jpg,calibrador,val
calibrador\159.jpg,calibrador,train
calibrador\160.jpg,calibrador,test
calibrador\161.jpg,calibrador,train
calibrador\162.jpg,calibrador,train
calibrador\163.jpg,calibrador,train
calibrador\164.jpg,calibrador,test
calibrador\165.jpg,calibrador,train
calibrador\166.jpg,calibrador,train
calibrador\167.jpg,calibrador,train
calibrador\168.jpg,calibrador,train
calibrador\169.jpg,calibrador,train
calibrador\170.jpg,calibrador,val
calibrador\171.jpg,calibrador,val
calibrador\172.jpg,calibrador,test
calibrador\173.jpg,calibrador,train
calibrador\174.jpg,calibrador,train
calibrador\175.jpg,calibrador,train
calibrador\176.jpg,calibrador,train
calibrador\177.jpg,calibrador,train
calibrador\178.jpg,calibrador,train
calibrador\179.jpg,calibrador,train
calibrador\180.jpg,calibrador,train
calibrador\181.jpg,calibrador,train
calibrador\182.jpg,calibrador,train
calibrador\183.jpg,calibrador,test
calibrador\184.jpg,calibrador,test
calibrador\185.jpg,calibrador,train
calibrador\186.jpg,calibrador,val
calibrador\187.jpg,calibrador,test
calibrador\188.jpg,calibrador,test
calibrador\189.jpg,calibrador,val
calibrador\190.jpg,calibrador,train
calibrador\191.jpg,calibrador,test
calibrador\192.jpg,calibrador,train
calibrador\193.jpg,calibrador,train
calibrador\194.jpg,calibrador,train
calibrador\195.jpg,calibrador,test
calibrador\196.jpg,calibrador,train
calibrador\197.jpg,calibrador,train
calibrador\198.jpg,calibrador,test
calibrador\199.jpg,calibrador,train
calibrador\200.jpg,calibrador,train
calibrador\201.jpg,calibrador,train
calibrador\202.jpg,calibrador,train
calibrador\203.jpg,calibrador,test
calibrador\204.jpg,calibrador,train
calibrador\205.jpg,calibrador,train
calibrador\206.jpg,calibrador,train
calibrador\207.jpg,calibrador,val
calibrador\208.jpg,calibrador,val
calibrador\209.jpg,calibrador,train
calibrador\210.jpg,calibrador,train
calibrador\211.jpg,calibrador,train
calibrador\212.jpg,calibrador,train
calibrador\213.jpg,calibrador,test
calibrador\214.jpg,calibrador,test
calibrador\215.jpg,calibrador,train
cutter\001.jpg,cutter,test
cutter\002.jpg,cutter,train
cutter\003.jpg,cutter,val
cutter\004.jpg,cutter,train
cutter\005.jpg,cutter,val
cutter\006.jpg,cutter,train
cutter\007.jpg,cutter,train
cutter\008.jpg,cutter,train
cutter\009.jpg,cutter,train
cutter\010.jpg,cutter,val
cutter\011.jpg,cutter,train
cutter\012.jpg,cutter,train
cutter\013.jpg,cutter,train
cutter\014.jpg,cutter,val
cutter\015.jpg,cutter,train
cutter\016.jpg,cutter,test
cutter\017.jpg,cutter,train
cutter\018.jpg,cutter,val
cutter\019.jpg,cutter,train
cutter\020.jpg,cutter,train
cutter\021.jpg,cutter,train
cutter\022.jpg,cutter,test
cutter\023.jpg,cutter,train
cutter\024.jpg,cutter,val
cutter\025.jpg,cutter,train
cutter\026.jpg,cutter,train
cutter\027.jpg,cutter,train
cutter\028.jpg,cutter,train
cutter\029.jpg,cutter,test
cutter\030.jpg,cutter,train
cutter\031.jpg,cutter,train
cutter\032.jpg,cutter,train
cutter\033.jpg,cutter,test
cutter\034.jpg,cutter,test
cutter\035.jpg,cutter,train
cutter\036.jpg,cutter,train
cutter\037.jpg,cutter,train
cutter\038.jpg,cutter,train
cutter\039.jpg,cutter,test
cutter\040.jpg,cutter,train
cutter\041.jpg,cutter,train
cutter\042.jpg,cutter,train
cutter\043.jpg,cutter,train
cutter\044.jpg,cutter,train
cutter\045.jpg,cutter,train
cutter\046.jpg,cutter,train
cutter\047.jpg,cutter,test
cutter\048.jpg,cutter,test
cutter\049.jpg,cutter,train
cutter\050.jpg,cutter,train
cutter\051.jpg,cutter,train
cutter\052.jpg,cutter,train
cutter\053.jpg,cutter,train
cutter\054.jpg,cutter,train
cutter\055.jpg,cutter,train
cutter\056.jpg,cutter,train
cutter\057.jpg,cutter,train
cutter\058.jpg,cutter,test
cutter\059.jpg,cutter,train
cutter\060.jpg,cutter,train
cutter\061.jpg,cutter,train
cutter\062.jpg,cutter,val
cutter\063.jpg,cutter,train
cutter\064.jpg,cutter,train
cutter\065.jpg,cutter,train
cutter\066.jpg,cutter,val
cutter\067.jpg,cutter,train
cutter\068.jpg,cutter,val
cutter\069.jpg,cutter,test
cutter\070.jpg,cutter,train
cutter\071.jpg,cutter,val
cutter\072.jpg,cutter,val
cutter\073.jpg,cutter,train
cutter\074.jpg,cutter,val
cutter\075.jpg,cutter,train
cutter\076.jpg,cutter,test
cutter\077.jpg,cutter,val
cutter\078.jpg,cutter,val
cutter\079.jpg,cutter,train
cutter\080.jpg,cutter,train
cutter\081.jpg,cutter,train
cutter\082.jpg,cutter,train
cutter\083.jpg,cutter,train
cutter\084.jpg,cutter,val
cutter\085.jpg,cutter,test
cutter\086.jpg,cutter,test
cutter\087.jpg,cutter,train
cutter\088.jpg,cutter,train
cutter\089.jpg,cutter,test
cutter\090.jpg,cutter,val
cutter\091.jpg,cutter,val
cutter\092.jpg,cutter,train
cutter\093.jpg,cutter,test
cutter\094.jpg,cutter,test
cutter\095.jpg,cutter,train
cutter\096.jpg,cutter,test
cutter\097.jpg,cutter,train
cutter\098.jpg,cutter,train
cutter\099.jpg,cutter,train
cutter\100.jpg,cutter,test
cutter\101.jpg,cutter,train
cutter\102.jpg,cutter,train
cutter\103.jpg,cutter,train
cutter\104.jpg,cutter,train
cutter\105.jpg,cutter,train
cutter\106.jpg,cutter,train
cutter\107.jpg,cutter,val
cutter\108.jpg,cutter,train
cutter\109.jpg,cutter,val
cutter\110.jpg,cutter,train
cutter\111.jpg,cutter,train
cutter\112.jpg,cutter,train
cutter\113.jpg,cutter,train
cutter\114.jpg,cutter,train
cutter\115.jpg,cutter,train
cutter\116.jpg,cutter,train
cutter\117.jpg,cutter,test
cutter\118.jpg,cutter,test
cutter\119.jpg,cutter,train
cutter\120.jpg,cutter,train
cutter\121.jpg,cutter,train
cutter\122.jpg,cutter,test
cutter\123.jpg,cutter,train
cutter\124.jpg,cutter,train
cutter\125.jpg,cutter,val
cutter\126.jpg,cutter,test
cutter\127.jpg,cutter,train
cutter\128.jpg,cutter,train
cutter\129.jpg,cutter,test
cutter\130.jpg,cutter,train
cutter\131.jpg,cutter,train
cutter\132.jpg,cutter,train
cutter\133.jpg,cutter,train
cutter\134.jpg,cutter,train
cutter\135.jpg,cutter,val
cutter\136.jpg,cutter,train
cutter\137.jpg,cutter,train
cutter\138.jpg,cutter,val
cutter\139.jpg,cutter,train
cutter\140.jpg,cutter,train
cutter\141.jpg,cutter,train
cutter\142.jpg,cutter,train
cutter\143.jpg,cutter,train
cutter\144.jpg,cutter,test
cutter\145.jpg,cutter,train
cutter\146.jpg,cutter,val
cutter\147.jpg,cutter,train
cutter\148.jpg,cutter,train
cutter\149.jpg,cutter,train
cutter\150.jpg,cutter,train
cutter\151.jpg,cutter,train
cutter\152.jpg,cutter,train
cutter\153.jpg,cutter,val
cutter\154.jpg,cutter,test
cutter\155.jpg,cutter,train
cutter\156.jpg,cutter,train
cutter\157.jpg,cutter,train
cutter\158.jpg,cutter,val
cutter\159.jpg,cutter,train
cutter\160.jpg,cutter,train
cutter\161.jpg,cutter,train
cutter\162.jpg,cutter,train
cutter\163.jpg,cutter,train
cutter\164.jpg,cutter,train
cutter\165.jpg,cutter,train
cutter\166.jpg,cutter,train
cutter\167.jpg,cutter,train
cutter\168.jpg,cutter,train
cutter\169.jpg,cutter,train
cutter\170.jpg,cutter,val
cutter\171.jpg,cutter,train
cutter\172.jpg,cutter,train
cutter\173.jpg,cutter,train
cutter\174.jpg,cutter,train
cutter\175.jpg,cutter,train
cutter\176.jpg,cutter,train
cutter\177.jpg,cutter,train
cutter\178.jpg,cutter,val
cutter\179.jpg,cutter,test
cutter\180.jpg,cutter,train
cutter\181.jpg,cutter,train
cutter\182.jpg,cutter,train
cutter\183.jpg,cutter,test
cutter\184.jpg,cutter,train
cutter\185.jpg,cutter,train
cutter\186.jpg,cutter,train
cutter\187.jpg,cutter,val
cutter\188.jpg,cutter,test
cutter\189.jpg,cutter,test
cutter\190.jpg,cutter,val
cutter\191.jpg,cutter,train
cutter\192.jpg,cutter,val
cutter\193.jpg,cutter,train
cutter\194.jpg,cutter,train
cutter\195.jpg,cutter,train
cutter\196.jpg,cutter,train
cutter\197.jpg,cutter,train
cutter\198.jpg,cutter,train
cutter\199.jpg,cutter,train
cutter\200.jpg,cutter,train
cutter\201.jpg,cutter,train
destornillador_chico_plano\001.jpg,destornillador_chico_plano,test
destornillador_chico_plano\002.jpg,destornillador_chico_plano,train
destornillador_chico_plano\003.jpg,destornillador_chico_plano,val
destornillador_chico_plano\004.jpg,destornillador_chico_plano,train
destornillador_chico_plano\005.jpg,destornillador_chico_plano,train
destornillador_chico_plano\006.jpg,destornillador_chico_plano,train
destornillador_chico_plano\007.jpg,destornillador_chico_plano,train
destornillador_chico_plano\008.jpg,destornillador_chico_plano,train
destornillador_chico_plano\009.jpg,destornillador_chico_plano,train
destornillador_chico_plano\010.jpg,destornillador_chico_plano,train
destornillador_chico_plano\011.jpg,destornillador_chico_plano,val
destornillador_chico_plano\012.jpg,destornillador_chico_plano,train
destornillador_chico_plano\013.jpg,destornillador_chico_plano,train
destornillador_chico_plano\014.jpg,destornillador_chico_plano,test
destornillador_chico_plano\015.jpg,destornillador_chico_plano,train
destornillador_chico_plano\016.jpg,destornillador_chico_plano,train
destornillador_chico_plano\017.jpg,destornillador_chico_plano,train
destornillador_chico_plano\018.jpg,destornillador_chico_plano,train
destornillador_chico_plano\019.jpg,destornillador_chico_plano,train
destornillador_chico_plano\020.jpg,destornillador_chico_plano,test
destornillador_chico_plano\021.jpg,destornillador_chico_plano,train
destornillador_chico_plano\022.jpg,destornillador_chico_plano,train
destornillador_chico_plano\023.jpg,destornillador_chico_plano,train
destornillador_chico_plano\024.jpg,destornillador_chico_plano,train
destornillador_chico_plano\025.jpg,destornillador_chico_plano,train
destornillador_chico_plano\026.jpg,destornillador_chico_plano,val
destornillador_chico_plano\027.jpg,destornillador_chico_plano,train
destornillador_chico_plano\028.jpg,destornillador_chico_plano,val
destornillador_chico_plano\029.jpg,destornillador_chico_plano,train
destornillador_chico_plano\030.jpg,destornillador_chico_plano,train
destornillador_chico_plano\031.jpg,destornillador_chico_plano,train
destornillador_chico_plano\032.jpg,destornillador_chico_plano,train
destornillador_chico_plano\033.jpg,destornillador_chico_plano,val
destornillador_chico_plano\034.jpg,destornillador_chico_plano,val
destornillador_chico_plano\035.jpg,destornillador_chico_plano,train
destornillador_chico_plano\036.jpg,destornillador_chico_plano,train
destornillador_chico_plano\037.jpg,destornillador_chico_plano,train
destornillador_chico_plano\038.jpg,destornillador_chico_plano,val
destornillador_chico_plano\039.jpg,destornillador_chico_plano,train
destornillador_chico_plano\040.jpg,destornillador_chico_plano,train
destornillador_chico_plano\041.jpg,destornillador_chico_plano,train
destornillador_chico_plano\042.jpg,destornillador_chico_plano,train
destornillador_chico_plano\043.jpg,destornillador_chico_plano,val
destornillador_chico_plano\044.jpg,destornillador_chico_plano,test
destornillador_chico_plano\045.jpg,destornillador_chico_plano,val
destornillador_chico_plano\046.jpg,destornillador_chico_plano,train
destornillador_chico_plano\047.jpg,destornillador_chico_plano,test
destornillador_chico_plano\048.jpg,destornillador_chico_plano,val
destornillador_chico_plano\049.jpg,destornillador_chico_plano,test
destornillador_chico_plano\050.jpg,destornillador_chico_plano,train
destornillador_chico_plano\051.jpg,destornillador_chico_plano,train
destornillador_chico_plano\052.jpg,destornillador_chico_plano,train
destornillador_chico_plano\053.jpg,destornillador_chico_plano,val
destornillador_chico_plano\054.jpg,destornillador_chico_plano,test
destornillador_chico_plano\055.jpg,destornillador_chico_plano,train
destornillador_chico_plano\056.jpg,destornillador_chico_plano,test
destornillador_chico_plano\057.jpg,destornillador_chico_plano,train
destornillador_chico_plano\058.jpg,destornillador_chico_plano,test
destornillador_chico_plano\059.jpg,destornillador_chico_plano,train
destornillador_chico_plano\060.jpg,destornillador_chico_plano,train
destornillador_chico_plano\061.jpg,destornillador_chico_plano,test
destornillador_chico_plano\062.jpg,destornillador_chico_plano,train
destornillador_chico_plano\063.jpg,destornillador_chico_plano,train
destornillador_chico_plano\064.jpg,destornillador_chico_plano,train
destornillador_chico_plano\065.jpg,destornillador_chico_plano,val
destornillador_chico_plano\066.jpg,destornillador_chico_plano,val
destornillador_chico_plano\067.jpg,destornillador_chico_plano,train
destornillador_chico_plano\068.jpg,destornillador_chico_plano,train
destornillador_chico_plano\069.jpg,destornillador_chico_plano,train
destornillador_chico_plano\070.jpg,destornillador_chico_plano,train
destornillador_chico_plano\071.jpg,destornillador_chico_plano,train
destornillador_chico_plano\072.jpg,destornillador_chico_plano,train
destornillador_chico_plano\073.jpg,destornillador_chico_plano,train
destornillador_chico_plano\074.jpg,destornillador_chico_plano,train
destornillador_chico_plano\075.jpg,destornillador_chico_plano,train
destornillador_chico_plano\076.jpg,destornillador_chico_plano,train
destornillador_chico_plano\077.jpg,destornillador_chico_plano,train
destornillador_chico_plano\078.jpg,destornillador_chico_plano,train
destornillador_chico_plano\079.jpg,destornillador_chico_plano,train
destornillador_chico_plano\080.jpg,destornillador_chico_plano,test
destornillador_chico_plano\081.jpg,destornillador_chico_plano,train
destornillador_chico_plano\082.jpg,destornillador_chico_plano,train
destornillador_chico_plano\083.jpg,destornillador_chico_plano,train
destornillador_chico_plano\084.jpg,destornillador_chico_plano,val
destornillador_chico_plano\085.jpg,destornillador_chico_plano,train
destornillador_chico_plano\086.jpg,destornillador_chico_plano,train
destornillador_chico_plano\087.jpg,destornillador_chico_plano,train
destornillador_chico_plano\088.jpg,destornillador_chico_plano,train
destornillador_chico_plano\089.jpg,destornillador_chico_plano,train
destornillador_chico_plano\090.jpg,destornillador_chico_plano,train
destornillador_chico_plano\091.jpg,destornillador_chico_plano,val
destornillador_chico_plano\092.jpg,destornillador_chico_plano,train
destornillador_chico_plano\093.jpg,destornillador_chico_plano,train
destornillador_chico_plano\094.jpg,destornillador_chico_plano,train
destornillador_chico_plano\095.jpg,destornillador_chico_plano,train
destornillador_chico_plano\096.jpg,destornillador_chico_plano,train
destornillador_chico_plano\097.jpg,destornillador_chico_plano,train
destornillador_chico_plano\098.jpg,destornillador_chico_plano,train
destornillador_chico_plano\099.jpg,destornillador_chico_plano,train
destornillador_chico_plano\100.jpg,destornillador_chico_plano,train
destornillador_chico_plano\101.jpg,destornillador_chico_plano,train
destornillador_chico_plano\102.jpg,destornillador_chico_plano,train
destornillador_chico_plano\103.jpg,destornillador_chico_plano,train
destornillador_chico_plano\104.jpg,destornillador_chico_plano,train
destornillador_chico_plano\105.jpg,destornillador_chico_plano,train
destornillador_chico_plano\106.jpg,destornillador_chico_plano,train
destornillador_chico_plano\107.jpg,destornillador_chico_plano,train
destornillador_chico_plano\108.jpg,destornillador_chico_plano,train
destornillador_chico_plano\109.jpg,destornillador_chico_plano,train
destornillador_chico_plano\110.jpg,destornillador_chico_plano,train
destornillador_chico_plano\111.jpg,destornillador_chico_plano,train
destornillador_chico_plano\112.jpg,destornillador_chico_plano,train
destornillador_chico_plano\113.jpg,destornillador_chico_plano,test
destornillador_chico_plano\114.jpg,destornillador_chico_plano,train
destornillador_chico_plano\115.jpg,destornillador_chico_plano,val
destornillador_chico_plano\116.jpg,destornillador_chico_plano,train
destornillador_chico_plano\117.jpg,destornillador_chico_plano,test
destornillador_chico_plano\118.jpg,destornillador_chico_plano,test
destornillador_chico_plano\119.jpg,destornillador_chico_plano,train
destornillador_chico_plano\120.jpg,destornillador_chico_plano,train
destornillador_chico_plano\121.jpg,destornillador_chico_plano,train
destornillador_chico_plano\122.jpg,destornillador_chico_plano,train
destornillador_chico_plano\123.jpg,destornillador_chico_plano,train
destornillador_chico_plano\124.jpg,destornillador_chico_plano,train
destornillador_chico_plano\125.jpg,destornillador_chico_plano,train
destornillador_chico_plano\126.jpg,destornillador_chico_plano,val
destornillador_chico_plano\127.jpg,destornillador_chico_plano,val
destornillador_chico_plano\128.jpg,destornillador_chico_plano,train
destornillador_chico_plano\129.jpg,destornillador_chico_plano,train
destornillador_chico_plano\130.jpg,destornillador_chico_plano,train
destornillador_chico_plano\131.jpg,destornillador_chico_plano,train
destornillador_chico_plano\132.jpg,destornillador_chico_plano,train
destornillador_chico_plano\133.jpg,destornillador_chico_plano,train
destornillador_chico_plano\134.jpg,destornillador_chico_plano,test
destornillador_chico_plano\135.jpg,destornillador_chico_plano,train
destornillador_chico_plano\136.jpg,destornillador_chico_plano,train
destornillador_chico_plano\137.jpg,destornillador_chico_plano,train
destornillador_chico_plano\138.jpg,destornillador_chico_plano,val
destornillador_chico_plano\139.jpg,destornillador_chico_plano,val
destornillador_chico_plano\140.jpg,destornillador_chico_plano,val
destornillador_chico_plano\141.jpg,destornillador_chico_plano,train
destornillador_chico_plano\142.jpg,destornillador_chico_plano,train
destornillador_chico_plano\143.jpg,destornillador_chico_plano,test
destornillador_chico_plano\144.jpg,destornillador_chico_plano,train
destornillador_chico_plano\145.jpg,destornillador_chico_plano,val
destornillador_chico_plano\146.jpg,destornillador_chico_plano,test
destornillador_chico_plano\147.jpg,destornillador_chico_plano,test
destornillador_chico_plano\148.jpg,destornillador_chico_plano,val
destornillador_chico_plano\150.jpg,destornillador_chico_plano,test
destornillador_chico_plano\151.jpg,destornillador_chico_plano,train
destornillador_chico_plano\152.jpg,destornillador_chico_plano,train
destornillador_chico_plano\153.jpg,destornillador_chico_plano,train
destornillador_chico_plano\154.jpg,destornillador_chico_plano,test
destornillador_chico_plano\155.jpg,destornillador_chico_plano,train
destornillador_chico_plano\156.jpg,destornillador_chico_plano,train
destornillador_chico_plano\157.jpg,destornillador_chico_plano,train
destornillador_chico_plano\158.jpg,destornillador_chico_plano,train
destornillador_chico_plano\159.jpg,destornillador_chico_plano,train
destornillador_chico_plano\160.jpg,destornillador_chico_plano,test
destornillador_chico_plano\161.jpg,destornillador_chico_plano,test
destornillador_chico_plano\162.jpg,destornillador_chico_plano,test
destornillador_chico_plano\163.jpg,destornillador_chico_plano,train
destornillador_chico_plano\164.jpg,destornillador_chico_plano,train
destornillador_chico_plano\165.jpg,destornillador_chico_plano,test
destornillador_chico_plano\166.jpg,destornillador_chico_plano,train
destornillador_chico_plano\167.jpg,destornillador_chico_plano,test
destornillador_chico_plano\168.jpg,destornillador_chico_plano,train
destornillador_chico_plano\169.jpg,destornillador_chico_plano,train
destornillador_chico_plano\170.jpg,destornillador_chico_plano,train
destornillador_chico_plano\171.jpg,destornillador_chico_plano,train
destornillador_chico_plano\172.jpg,destornillador_chico_plano,train
destornillador_chico_plano\173.jpg,destornillador_chico_plano,val
destornillador_chico_plano\174.jpg,destornillador_chico_plano,test
destornillador_chico_plano\175.jpg,destornillador_chico_plano,val
destornillador_chico_plano\176.jpg,destornillador_chico_plano,train
destornillador_chico_plano\177.jpg,destornillador_chico_plano,train
destornillador_chico_plano\178.jpg,destornillador_chico_plano,train
destornillador_chico_plano\179.jpg,destornillador_chico_plano,train
destornillador_chico_plano\180.jpg,destornillador_chico_plano,train
destornillador_chico_plano\181.jpg,destornillador_chico_plano,train
destornillador_chico_plano\182.jpg,destornillador_chico_plano,train
destornillador_chico_plano\183.jpg,destornillador_chico_plano,train
destornillador_chico_plano\184.jpg,destornillador_chico_plano,train
destornillador_chico_plano\185.jpg,destornillador_chico_plano,val
destornillador_chico_plano\186.jpg,destornillador_chico_plano,test
destornillador_chico_plano\187.jpg,destornillador_chico_plano,train
destornillador_chico_plano\188.jpg,destornillador_chico_plano,train
destornillador_chico_plano\189.jpg,destornillador_chico_plano,train
destornillador_chico_plano\190.jpg,destornillador_chico_plano,train
destornillador_chico_plano\191.jpg,destornillador_chico_plano,val
destornillador_chico_plano\192.jpg,destornillador_chico_plano,test
destornillador_chico_plano\193.jpg,destornillador_chico_plano,val
destornillador_chico_plano\194.jpg,destornillador_chico_plano,train
destornillador_chico_plano\195.jpg,destornillador_chico_plano,test
destornillador_chico_plano\196.jpg,destornillador_chico_plano,train
destornillador_chico_plano\197.jpg,destornillador_chico_plano,train
destornillador_chico_plano\198.jpg,destornillador_chico_plano,val
destornillador_chico_plano\199.jpg,destornillador_chico_plano,test
destornillador_chico_plano\200.jpg,destornillador_chico_plano,val
destornillador_chico_plano\201.jpg,destornillador_chico_plano,train
destornillador_chico_plano\202.jpg,destornillador_chico_plano,val
destornillador_chico_plano\203.jpg,destornillador_chico_plano,test
destornillador_chico_plano\204.jpg,destornillador_chico_plano,train
destornillador_chico_plano\205.jpg,destornillador_chico_plano,train
destornillador_chico_plano\206.jpg,destornillador_chico_plano,train
destornillador_chico_plano\207.jpg,destornillador_chico_plano,train
destornillador_chico_plano\208.jpg,destornillador_chico_plano,train
destornillador_chico_plano\209.jpg,destornillador_chico_plano,train
llave_chica_mixta\001.jpg,llave_chica_mixta,test
llave_chica_mixta\002.jpg,llave_chica_mixta,val
llave_chica_mixta\003.jpg,llave_chica_mixta,test
llave_chica_mixta\004.jpg,llave_chica_mixta,train
llave_chica_mixta\005.jpg,llave_chica_mixta,train
llave_chica_mixta\006.jpg,llave_chica_mixta,train
llave_chica_mixta\007.jpg,llave_chica_mixta,test
llave_chica_mixta\008.jpg,llave_chica_mixta,test
llave_chica_mixta\009.jpg,llave_chica_mixta,train
llave_chica_mixta\010.jpg,llave_chica_mixta,val
llave_chica_mixta\011.jpg,llave_chica_mixta,train
llave_chica_mixta\012.jpg,llave_chica_mixta,val
llave_chica_mixta\013.jpg,llave_chica_mixta,val
llave_chica_mixta\014.jpg,llave_chica_mixta,test
llave_chica_mixta\015.jpg,llave_chica_mixta,test
llave_chica_mixta\016.jpg,llave_chica_mixta,train
llave_chica_mixta\017.jpg,llave_chica_mixta,val
llave_chica_mixta\018.jpg,llave_chica_mixta,test
llave_chica_mixta\019.jpg,llave_chica_mixta,train
llave_chica_mixta\020.jpg,llave_chica_mixta,val
llave_chica_mixta\021.jpg,llave_chica_mixta,train
llave_chica_mixta\022.jpg,llave_chica_mixta,train
llave_chica_mixta\023.jpg,llave_chica_mixta,train
llave_chica_mixta\024.jpg,llave_chica_mixta,train
llave_chica_mixta\025.jpg,llave_chica_mixta,train
llave_chica_mixta\026.jpg,llave_chica_mixta,test
llave_chica_mixta\027.jpg,llave_chica_mixta,val
llave_chica_mixta\028.jpg,llave_chica_mixta,test
llave_chica_mixta\029.jpg,llave_chica_mixta,train
llave_chica_mixta\030.jpg,llave_chica_mixta,train
llave_chica_mixta\031.jpg,llave_chica_mixta,train
llave_chica_mixta\032.jpg,llave_chica_mixta,val
llave_chica_mixta\033.jpg,llave_chica_mixta,train
llave_chica_mixta\034.jpg,llave_chica_mixta,val
llave_chica_mixta\035.jpg,llave_chica_mixta,train
llave_chica_mixta\036.jpg,llave_chica_mixta,test
llave_chica_mixta\037.jpg,llave_chica_mixta,train
llave_chica_mixta\038.jpg,llave_chica_mixta,test
llave_chica_mixta\039.jpg,llave_chica_mixta,train
llave_chica_mixta\040.jpg,llave_chica_mixta,train
llave_chica_mixta\041.jpg,llave_chica_mixta,train
llave_chica_mixta\042.jpg,llave_chica_mixta,val
llave_chica_mixta\043.jpg,llave_chica_mixta,train
llave_chica_mixta\044.jpg,llave_chica_mixta,train
llave_chica_mixta\045.jpg,llave_chica_mixta,train
llave_chica_mixta\046.jpg,llave_chica_mixta,val
llave_chica_mixta\047.jpg,llave_chica_mixta,test
llave_chica_mixta\048.jpg,llave_chica_mixta,train
llave_chica_mixta\049.jpg,llave_chica_mixta,train
llave_chica_mixta\050.jpg,llave_chica_mixta,train
llave_chica_mixta\051.jpg,llave_chica_mixta,val
llave_chica_mixta\052.jpg,llave_chica_mixta,train
llave_chica_mixta\053.jpg,llave_chica_mixta,train
llave_chica_mixta\054.jpg,llave_chica_mixta,train
llave_chica_mixta\055.jpg,llave_chica_mixta,train
llave_chica_mixta\056.jpg,llave_chica_mixta,test
llave_chica_mixta\057.jpg,llave_chica_mixta,train
llave_chica_mixta\058.jpg,llave_chica_mixta,train
llave_chica_mixta\059.jpg,llave_chica_mixta,train
llave_chica_mixta\060.jpg,llave_chica_mixta,train
llave_chica_mixta\061.jpg,llave_chica_mixta,train
llave_chica_mixta\062.jpg,llave_chica_mixta,train
llave_chica_mixta\063.jpg,llave_chica_mixta,train
llave_chica_mixta\064.jpg,llave_chica_mixta,train
llave_chica_mixta\065.jpg,llave_chica_mixta,train
llave_chica_mixta\066.jpg,llave_chica_mixta,train
llave_chica_mixta\067.jpg,llave_chica_mixta,train
llave_chica_mixta\068.jpg,llave_chica_mixta,train
llave_chica_mixta\069.jpg,llave_chica_mixta,train
llave_chica_mixta\070.jpg,llave_chica_mixta,val
llave_chica_mixta\071.jpg,llave_chica_mixta,val
llave_chica_mixta\072.jpg,llave_chica_mixta,train
llave_chica_mixta\073.jpg,llave_chica_mixta,train
llave_chica_mixta\074.jpg,llave_chica_mixta,val
llave_chica_mixta\075.jpg,llave_chica_mixta,train
llave_chica_mixta\076.jpg,llave_chica_mixta,train
llave_chica_mixta\077.jpg,llave_chica_mixta,train
llave_chica_mixta\078.jpg,llave_chica_mixta,test
llave_chica_mixta\079.jpg,llave_chica_mixta,train
llave_chica_mixta\080.jpg,llave_chica_mixta,train
llave_chica_mixta\081.jpg,llave_chica_mixta,train
llave_chica_mixta\082.jpg,llave_chica_mixta,train
llave_chica_mixta\083.jpg,llave_chica_mixta,train
llave_chica_mixta\084.jpg,llave_chica_mixta,train
llave_chica_mixta\085.jpg,llave_chica_mixta,val
llave_chica_mixta\086.jpg,llave_chica_mixta,train
llave_chica_mixta\087.jpg,llave_chica_mixta,train
llave_chica_mixta\088.jpg,llave_chica_mixta,train
llave_chica_mixta\089.jpg,llave_chica_mixta,train
llave_chica_mixta\090.jpg,llave_chica_mixta,train
llave_chica_mixta\091.jpg,llave_chica_mixta,train
llave_chica_mixta\092.jpg,llave_chica_mixta,val
llave_chica_mixta\093.jpg,llave_chica_mixta,train
llave_chica_mixta\094.jpg,llave_chica_mixta,train
llave_chica_mixta\095.jpg,llave_chica_mixta,train
llave_chica_mixta\096.jpg,llave_chica_mixta,train
llave_chica_mixta\097.jpg,llave_chica_mixta,train
llave_chica_mixta\098.jpg,llave_chica_mixta,train
llave_chica_mixta\099.jpg,llave_chica_mixta,test
llave_chica_mixta\100.jpg,llave_chica_mixta,train
llave_chica_mixta\101.jpg,llave_chica_mixta,train
llave_chica_mixta\102.jpg,llave_chica_mixta,train
llave_chica_mixta\103.jpg,llave_chica_mixta,val
llave_chica_mixta\104.jpg,llave_chica_mixta,val
llave_chica_mixta\105.jpg,llave_chica_mixta,train
llave_chica_mixta\106.jpg,llave_chica_mixta,train
llave_chica_mixta\107.jpg,llave_chica_mixta,test
llave_chica_mixta\108.jpg,llave_chica_mixta,train
llave_chica_mixta\109.jpg,llave_chica_mixta,test
llave_chica_mixta\110.jpg,llave_chica_mixta,train
llave_chica_mixta\111.jpg,llave_chica_mixta,test
llave_chica_mixta\112.jpg,llave_chica_mixta,train
llave_chica_mixta\113.jpg,llave_chica_mixta,test
llave_chica_mixta\114.jpg,llave_chica_mixta,val
llave_chica_mixta\115.jpg,llave_chica_mixta,test
llave_chica_mixta\116.jpg,llave_chica_mixta,train
llave_chica_mixta\117.jpg,llave_chica_mixta,train
llave_chica_mixta\118.jpg,llave_chica_mixta,train
llave_chica_mixta\119.jpg,llave_chica_mixta,test
llave_chica_mixta\120.jpg,llave_chica_mixta,val
llave_chica_mixta\121.jpg,llave_chica_mixta,train
llave_chica_mixta\122.jpg,llave_chica_mixta,train
llave_chica_mixta\123.jpg,llave_chica_mixta,train
llave_chica_mixta\124.jpg,llave_chica_mixta,train
llave_chica_mixta\125.jpg,llave_chica_mixta,train
llave_chica_mixta\126.jpg,llave_chica_mixta,train
llave_chica_mixta\127.jpg,llave_chica_mixta,test
llave_chica_mixta\128.jpg,llave_chica_mixta,train
llave_chica_mixta\129.jpg,llave_chica_mixta,train
llave_chica_mixta\130.jpg,llave_chica_mixta,test
llave_chica_mixta\131.jpg,llave_chica_mixta,train
llave_chica_mixta\132.jpg,llave_chica_mixta,train
llave_chica_mixta\133.jpg,llave_chica_mixta,train
llave_chica_mixta\134.jpg,llave_chica_mixta,train
llave_chica_mixta\135.jpg,llave_chica_mixta,train
llave_chica_mixta\136.jpg,llave_chica_mixta,train
llave_chica_mixta\137.jpg,llave_chica_mixta,train
llave_chica_mixta\138.jpg,llave_chica_mixta,val
llave_chica_mixta\139.jpg,llave_chica_mixta,train
llave_chica_mixta\140.jpg,llave_chica_mixta,train
llave_chica_mixta\141.jpg,llave_chica_mixta,train
llave_chica_mixta\142.jpg,llave_chica_mixta,train
llave_chica_mixta\143.jpg,llave_chica_mixta,train
llave_chica_mixta\144.jpg,llave_chica_mixta,train
llave_chica_mixta\145.jpg,llave_chica_mixta,train
llave_chica_mixta\146.jpg,llave_chica_mixta,train
llave_chica_mixta\147.jpg,llave_chica_mixta,val
llave_chica_mixta\148.jpg,llave_chica_mixta,val
llave_chica_mixta\149.jpg,llave_chica_mixta,val
llave_chica_mixta\150.jpg,llave_chica_mixta,train
llave_chica_mixta\151.jpg,llave_chica_mixta,test
llave_chica_mixta\152.jpg,llave_chica_mixta,train
llave_chica_mixta\153.jpg,llave_chica_mixta,train
llave_chica_mixta\154.jpg,llave_chica_mixta,test
llave_chica_mixta\155.jpg,llave_chica_mixta,val
llave_chica_mixta\156.jpg,llave_chica_mixta,val
llave_chica_mixta\157.jpg,llave_chica_mixta,train
llave_chica_mixta\158.jpg,llave_chica_mixta,train
llave_chica_mixta\159.jpg,llave_chica_mixta,train
llave_chica_mixta\160.jpg,llave_chica_mixta,val
llave_chica_mixta\161.jpg,llave_chica_mixta,train
llave_chica_mixta\162.jpg,llave_chica_mixta,train
llave_chica_mixta\163.jpg,llave_chica_mixta,train
llave_chica_mixta\164.jpg,llave_chica_mixta,train
llave_chica_mixta\165.jpg,llave_chica_mixta,train
llave_chica_mixta\166.jpg,llave_chica_mixta,train
llave_chica_mixta\167.jpg,llave_chica_mixta,train
llave_chica_mixta\168.jpg,llave_chica_mixta,train
llave_chica_mixta\169.jpg,llave_chica_mixta,train
llave_chica_mixta\170.jpg,llave_chica_mixta,train
llave_chica_mixta\171.jpg,llave_chica_mixta,train
llave_chica_mixta\172.jpg,llave_chica_mixta,val
llave_chica_mixta\173.jpg,llave_chica_mixta,train
llave_chica_mixta\174.jpg,llave_chica_mixta,train
llave_chica_mixta\175.jpg,llave_chica_mixta,train
llave_chica_mixta\176.jpg,llave_chica_mixta,train
llave_chica_mixta\177.jpg,llave_chica_mixta,val
llave_chica_mixta\178.jpg,llave_chica_mixta,train
llave_chica_mixta\179.jpg,llave_chica_mixta,val
llave_chica_mixta\180.jpg,llave_chica_mixta,test
llave_chica_mixta\181.jpg,llave_chica_mixta,train
llave_chica_mixta\182.jpg,llave_chica_mixta,train
llave_chica_mixta\183.jpg,llave_chica_mixta,train
llave_chica_mixta\184.jpg,llave_chica_mixta,train
llave_chica_mixta\185.jpg,llave_chica_mixta,train
llave_chica_mixta\186.jpg,llave_chica_mixta,train
llave_chica_mixta\187.jpg,llave_chica_mixta,test
llave_chica_mixta\188.jpg,llave_chica_mixta,train
llave_chica_mixta\189.jpg,llave_chica_mixta,train
llave_chica_mixta\190.jpg,llave_chica_mixta,train
llave_chica_mixta\191.jpg,llave_chica_mixta,val
llave_chica_mixta\192.jpg,llave_chica_mixta,test
llave_chica_mixta\193.jpg,llave_chica_mixta,train
llave_chica_mixta\194.jpg,llave_chica_mixta,train
llave_chica_mixta\195.jpg,llave_chica_mixta,train
llave_chica_mixta\196.jpg,llave_chica_mixta,val
llave_chica_mixta\197.jpg,llave_chica_mixta,train
llave_chica_mixta\198.jpg,llave_chica_mixta,train
llave_chica_mixta\199.jpg,llave_chica_mixta,train
llave_chica_mixta\200.jpg,llave_chica_mixta,train
llave_chica_mixta\201.jpg,llave_chica_mixta,train
llave_chica_mixta\202.jpg,llave_chica_mixta,train
llave_chica_mixta\203.jpg,llave_chica_mixta,train
llave_chica_mixta\204.jpg,llave_chica_mixta,train
llave_chica_mixta\205.jpg,llave_chica_mixta,train
llave_chica_mixta\206.jpg,llave_chica_mixta,train
llave_chica_mixta\207.jpg,llave_chica_mixta,test
llave_chica_mixta\208.jpg,llave_chica_mixta,train
llave_chica_mixta\209.jpg,llave_chica_mixta,train
llave_chica_mixta\210.jpg,llave_chica_mixta,val
llave_chica_mixta\211.jpg,llave_chica_mixta,train
llave_chica_mixta\212.jpg,llave_chica_mixta,val
llave_chica_mixta\213.jpg,llave_chica_mixta,train
llave_chica_mixta\214.jpg,llave_chica_mixta,test
llave_chica_mixta\215.jpg,llave_chica_mixta,test
llave_chica_mixta\216.jpg,llave_chica_mixta,test
llave_chica_mixta\217.jpg,llave_chica_mixta,train
llave_chica_mixta\218.jpg,llave_chica_mixta,test
llave_chica_mixta\219.jpg,llave_chica_mixta,train
llave_chica_mixta\220.jpg,llave_chica_mixta,train
llave_chica_mixta\221.jpg,llave_chica_mixta,train
llave_chica_mixta\222.jpg,llave_chica_mixta,train
llave_chica_mixta\223.jpg,llave_chica_mixta,train
llave_chica_mixta\224.jpg,llave_chica_mixta,train
llave_chica_mixta\225.jpg,llave_chica_mixta,train
llave_chica_mixta\226.jpg,llave_chica_mixta,train
llave_chica_mixta\227.jpg,llave_chica_mixta,train
llave_chica_mixta\228.jpg,llave_chica_mixta,test
llave_chica_mixta\229.jpg,llave_chica_mixta,test
llave_chica_mixta\230.jpg,llave_chica_mixta,test
llave_chica_mixta\231.jpg,llave_chica_mixta,train
llave_chica_mixta\232.jpg,llave_chica_mixta,test
llave_chica_mixta\233.jpg,llave_chica_mixta,train
llave_chica_mixta\234.jpg,llave_chica_mixta,train
llave_chica_mixta\235.jpg,llave_chica_mixta,train
llave_chica_mixta\236.jpg,llave_chica_mixta,train
llave_chica_mixta\237.jpg,llave_chica_mixta,train
llave_chica_mixta\238.jpg,llave_chica_mixta,val
llave_chica_mixta\239.jpg,llave_chica_mixta,train
llave_chica_mixta\240.jpg,llave_chica_mixta,train
llave_chica_mixta\241.jpg,llave_chica_mixta,train
llave_chica_mixta\242.jpg,llave_chica_mixta,train
llave_regulable\WIN_20260201_10_57_23_Pro.jpg,llave_regulable,train
llave_regulable\WIN_20260201_10_57_42_Pro.jpg,llave_regulable,train
llave_regulable\WIN_20260201_10_59_49_Pro.jpg,llave_regulable,val
llave_regulable\WIN_20260201_10_59_52_Pro.jpg,llave_regulable,train
llave_regulable\WIN_20260201_10_59_55_Pro.jpg,llave_regulable,val
llave_regulable\WIN_20260201_10_59_58_Pro.jpg,llave_regulable,train
llave_regulable\WIN_20260201_11_00_01_Pro.jpg,llave_regulable,train
llave_regulable\WIN_20260201_11_00_12_Pro.jpg,llave_regulable,val
llave_regulable\WIN_20260201_11_00_39_Pro.jpg,llave_regulable,train
llave_regulable\WIN_20260201_11_00_42_Pro.jpg,llave_regulable,val
llave_regulable\WIN_20260201_11_00_45_Pro.jpg,llave_regulable,test
llave_regulable\WIN_20260201_11_00_50_Pro.jpg,llave_regulable,train
llave_regulable\WIN_20260201_11_00_54_Pro.jpg,llave_regulable,train
llave_regulable\WIN_20260201_11_00_58_Pro.jpg,llave_regulable,train
llave_regulable\WIN_20260201_11_01_04_Pro.jpg,llave_regulable,val
llave_regulable\WIN_20260201_11_01_17_Pro.jpg,llave_regulable,train
llave_regulable\WIN_20260201_11_01_19_Pro.jpg,llave_regulable,train
llave_regulable\WIN_20260201_11_01_23_Pro.jpg,llave_regulable,train
llave_regulable\WIN_20260201_11_01_26_Pro.jpg,llave_regulable,train
llave_regulable\WIN_20260201_11_01_29_Pro.jpg,llave_regulable,train
llave_regulable\WIN_20260201_11_01_32_Pro.jpg,llave_regulable,train
llave_regulable\WIN_20260201_11_01_35_Pro.jpg,llave_regulable,train
llave_regulable\WIN_20260201_11_01_38_Pro.jpg,llave_regulable,test
llave_regulable\WIN_20260201_11_01_46_Pro.jpg,llave_regulable,train
llave_regulable\WIN_20260201_11_01_49_Pro.jpg,llave_regulable,train
llave_regulable\WIN_20260201_11_01_51_Pro.jpg,llave_regulable,test
llave_regulable\WIN_20260201_11_01_54_Pro.jpg,llave_regulable,test
llave_regulable\WIN_20260201_11_01_55_Pro.jpg,llave_regulable,train
llave_regulable\WIN_20260201_11_01_57_Pro.jpg,llave_regulable,train
llave_regulable\WIN_20260201_11_01_59_Pro.jpg,llave_regulable,val
llave_regulable\WIN_20260201_11_02_01_Pro.jpg,llave_regulable,train
llave_regulable\WIN_20260201_11_02_04_Pro.jpg,llave_regulable,train
llave_regulable\WIN_20260201_11_02_06_Pro.jpg,llave_regulable,train
llave_regulable\WIN_20260201_11_02_08_Pro.jpg,llave_regulable,val
llave_regulable\WIN_20260201_11_02_10_Pro.jpg,llave_regulable,val
llave_regulable\WIN_20260201_11_02_13_Pro.jpg,llave_regulable,test
llave_regulable\WIN_20260201_11_02_20_Pro.jpg,llave_regulable,test
llave_regulable\WIN_20260201_11_02_23_Pro.jpg,llave_regulable,test
llave_regulable\WIN_20260201_11_02_26_Pro.jpg,llave_regulable,train
llave_regulable\WIN_20260201_11_02_28_Pro.jpg,llave_regulable,train
llave_regulable\WIN_20260201_11_02_30_Pro.jpg,llave_regulable,train
llave_regulable\WIN_20260201_11_02_33_Pro.jpg,llave_regulable,train
llave_regulable\WIN_20260201_11_02_35_Pro.jpg,llave_regulable,test
llave_regulable\WIN_20260201_11_02_38_Pro.jpg,llave_regulable,train
llave_regulable\WIN_20260201_11_02_39_Pro.jpg,llave_regulable,train
llave_regulable\WIN_20260201_11_02_40_Pro.jpg,llave_regulable,test
llave_regulable\WIN_20260201_11_02_42_Pro.jpg,llave_regulable,test
llave_regulable\WIN_20260201_11_02_45_Pro.jpg,llave_regulable,val
llave_regulable\WIN_20260201_11_02_48_Pro.jpg,llave_regulable,train
llave_regulable\WIN_20260201_11_02_51_Pro.jpg,llave_regulable,train
llave_regulable\WIN_20260201_11_02_53_Pro.jpg,llave_regulable,train
llave_regulable\WIN_20260201_11_02_56_Pro.jpg,llave_regulable,val
llave_regulable\WIN_20260201_11_02_58_Pro.jpg,llave_regulable,train
llave_regulable\WIN_20260201_11_03_02_Pro.jpg,llave_regulable,train
llave_regulable\WIN_20260201_11_03_05_Pro.jpg,llave_regulable,train
llave_regulable\WIN_20260201_11_03_08_Pro.jpg,llave_regulable,train
llave_regulable\WIN_20260201_11_03_10_Pro.jpg,llave_regulable,train
llave_regulable\WIN_20260201_11_03_12_Pro.jpg,llave_regulable,train
llave_regulable\WIN_20260201_11_03_13_Pro.jpg,llave_regulable,train
llave_regulable\WIN_20260201_11_03_23_Pro.jpg,llave_regulable,test
llave_regulable\WIN_20260201_11_03_25_Pro.jpg,llave_regulable,train
llave_regulable\WIN_20260201_11_03_28_Pro.jpg,llave_regulable,train
llave_regulable\WIN_20260201_11_03_31_Pro.jpg,llave_regulable,val
llave_regulable\WIN_20260201_11_03_33_Pro.jpg,llave_regulable,train
llave_regulable\WIN_20260201_11_03_36_Pro.jpg,llave_regulable,val
llave_regulable\WIN_20260201_11_03_38_Pro.jpg,llave_regulable,train
llave_regulable\WIN_20260201_11_03_43_Pro.jpg,llave_regulable,train
llave_regulable\WIN_20260201_11_03_58_Pro.jpg,llave_regulable,test
llave_regulable\WIN_20260201_11_04_02_Pro.jpg,llave_regulable,test
llave_regulable\WIN_20260201_11_04_05_Pro.jpg,llave_regulable,train
llave_regulable\WIN_20260201_11_04_07_Pro.jpg,llave_regulable,train
llave_regulable\WIN_20260201_11_04_09_Pro.jpg,llave_regulable,val
llave_regulable\WIN_20260201_11_04_11_Pro.jpg,llave_regulable,train
llave_regulable\WIN_20260201_11_04_14_Pro.jpg,llave_regulable,test
llave_regulable\WIN_20260201_11_04_21_Pro.jpg,llave_regulable,train
llave_regulable\WIN_20260201_11_04_24_Pro.jpg,llave_regulable,train
llave_regulable\WIN_20260201_11_04_27_Pro.jpg,llave_regulable,train
llave_regulable\WIN_20260201_11_04_30_Pro.jpg,llave_regulable,train
llave_regulable\WIN_20260201_11_04_32_Pro.jpg,llave_regulable,val
llave_regulable\WIN_20260201_11_04_35_Pro.jpg,llave_regulable,train
llave_regulable\WIN_20260201_11_04_39_Pro.jpg,llave_regulable,train
llave_regulable\WIN_20260201_11_04_46_Pro.jpg,llave_regulable,train
llave_regulable\WIN_20260201_11_04_48_Pro.jpg,llave_regulable,train
llave_regulable\WIN_20260201_11_04_50_Pro.jpg,llave_regulable,train
llave_regulable\WIN_20260201_11_05_00_Pro.jpg,llave_regulable,train
llave_regulable\WIN_20260201_11_05_03_Pro.jpg,llave_regulable,train
llave_regulable\WIN_20260201_11_05_31_Pro.jpg,llave_regulable,train
llave_regulable\WIN_20260201_11_05_36_Pro.jpg,llave_regulable,train
llave_regulable\WIN_20260201_11_05_41_Pro.jpg,llave_regulable,val
llave_regulable\WIN_20260201_11_05_50_Pro.jpg,llave_regulable,test
llave_regulable\WIN_20260201_11_05_59_Pro.jpg,llave_regulable,train
llave_regulable\WIN_20260201_11_06_14_Pro.jpg,llave_regulable,train
llave_regulable\WIN_20260201_11_06_21_Pro.jpg,llave_regulable,train
llave_regulable\WIN_20260201_11_06_24_Pro.jpg,llave_regulable,train
llave_regulable\WIN_20260201_11_06_28_Pro.jpg,llave_regulable,test
llave_regulable\WIN_20260201_11_06_33_Pro.jpg,llave_regulable,train
llave_regulable\WIN_20260201_11_06_37_Pro.jpg,llave_regulable,train
llave_regulable\WIN_20260201_11_06_48_Pro.jpg,llave_regulable,val
llave_regulable\WIN_20260201_11_07_15_Pro.jpg,llave_regulable,train
llave_regulable\WIN_20260201_11_07_18_Pro.jpg,llave_regulable,test
llave_regulable\WIN_20260201_11_07_22_Pro.jpg,llave_regulable,train
llave_regulable\WIN_20260201_11_07_25_Pro.jpg,llave_regulable,val
llave_regulable\WIN_20260201_11_07_29_Pro.jpg,llave_regulable,train
llave_regulable\WIN_20260201_11_10_47_Pro.jpg,llave_regulable,test
llave_regulable\WIN_20260201_11_10_53_Pro.jpg,llave_regulable,train
llave_regulable\WIN_20260201_11_11_14_Pro.jpg,llave_regulable,train
llave_regulable\WIN_20260201_11_11_23_Pro.jpg,llave_regulable,test
llave_regulable\WIN_20260201_11_11_35_Pro.jpg,llave_regulable,val
llave_regulable\WIN_20260201_11_11_42_Pro.jpg,llave_regulable,train
llave_regulable\WIN_20260201_11_11_49_Pro.jpg,llave_regulable,train
llave_regulable\WIN_20260201_11_12_32_Pro.jpg,llave_regulable,test
llave_regulable\WIN_20260201_11_12_39_Pro.jpg,llave_regulable,train
llave_regulable\WIN_20260201_11_12_42_Pro.jpg,llave_regulable,train
llave_regulable\WIN_20260201_11_12_45_Pro.jpg,llave_regulable,train
llave_regulable\WIN_20260201_11_12_48_Pro.jpg,llave_regulable,test
llave_regulable\WIN_20260201_11_12_51_Pro.jpg,llave_regulable,train
llave_regulable\WIN_20260201_11_12_53_Pro.jpg,llave_regulable,train
llave_regulable\WIN_20260201_11_12_57_Pro.jpg,llave_regulable,train
llave_regulable\WIN_20260201_11_13_00_Pro.jpg,llave_regulable,train
llave_regulable\WIN_20260201_11_13_03_Pro.jpg,llave_regulable,test
llave_regulable\WIN_20260201_11_13_05_Pro.jpg,llave_regulable,train
llave_regulable\WIN_20260201_11_13_08_Pro.jpg,llave_regulable,train
llave_regulable\WIN_20260201_11_13_10_Pro.jpg,llave_regulable,train
llave_regulable\WIN_20260201_11_13_12_Pro.jpg,llave_regulable,val
llave_regulable\WIN_20260201_11_13_16_Pro.jpg,llave_regulable,train
llave_regulable\WIN_20260201_11_13_18_Pro.jpg,llave_regulable,train
llave_regulable\WIN_20260201_11_13_21_Pro.jpg,llave_regulable,train
llave_regulable\WIN_20260201_11_13_23_Pro.jpg,llave_regulable,train
llave_regulable\WIN_20260201_11_13_25_Pro.jpg,llave_regulable,train
llave_regulable\WIN_20260201_11_13_28_Pro.jpg,llave_regulable,train
llave_regulable\WIN_20260201_11_13_34_Pro.jpg,llave_regulable,val
llave_regulable\WIN_20260201_11_13_36_Pro.jpg,llave_regulable,val
llave_regulable\WIN_20260201_11_13_46_Pro.jpg,llave_regulable,test
llave_regulable\WIN_20260201_11_13_48_Pro.jpg,llave_regulable,test
llave_regulable\WIN_20260201_11_13_51_Pro.jpg,llave_regulable,train
llave_regulable\WIN_20260201_11_13_54_Pro.jpg,llave_regulable,train
llave_regulable\WIN_20260201_11_13_57_Pro.jpg,llave_regulable,train
llave_regulable\WIN_20260201_11_14_01_Pro.jpg,llave_regulable,train
llave_regulable\WIN_20260201_11_14_04_Pro.jpg,llave_regulable,train
llave_regulable\WIN_20260201_11_14_08_Pro.jpg,llave_regulable,test
llave_regulable\WIN_20260201_11_14_12_Pro.jpg,llave_regulable,test
llave_regulable\WIN_20260201_11_14_28_Pro.jpg,llave_regulable,val
llave_regulable\WIN_20260201_11_14_31_Pro.jpg,llave_regulable,train
llave_regulable\WIN_20260201_11_14_35_Pro.jpg,llave_regulable,val
llave_regulable\WIN_20260201_11_14_49_Pro.jpg,llave_regulable,train
llave_regulable\WIN_20260201_11_14_53_Pro.jpg,llave_regulable,train
llave_regulable\WIN_20260201_11_14_57_Pro.jpg,llave_regulable,val
llave_regulable\WIN_20260201_11_14_59_Pro.jpg,llave_regulable,test
llave_regulable\WIN_20260201_11_15_01_Pro.jpg,llave_regulable,train
llave_regulable\WIN_20260201_11_15_03_Pro.jpg,llave_regulable,train
llave_regulable\WIN_20260201_11_15_05_Pro.jpg,llave_regulable,train
llave_regulable\WIN_20260201_11_15_07_Pro.jpg,llave_regulable,train
llave_regulable\WIN_20260201_11_15_38_Pro (2).jpg,llave_regulable,train
llave_regulable\WIN_20260201_11_15_38_Pro.jpg,llave_regulable,train
llave_regulable\WIN_20260201_11_15_43_Pro.jpg,llave_regulable,train
llave_regulable\WIN_20260201_11_15_47_Pro.jpg,llave_regulable,train
llave_regulable\WIN_20260201_11_15_51_Pro.jpg,llave_regulable,train
llave_regulable\WIN_20260201_11_15_54_Pro.jpg,llave_regulable,train
llave_regulable\WIN_20260201_11_15_58_Pro.jpg,llave_regulable,train
llave_regulable\WIN_20260201_11_16_01_Pro.jpg,llave_regulable,train
llave_regulable\WIN_20260201_11_16_04_Pro.jpg,llave_regulable,train
llave_regulable\WIN_20260201_11_16_08_Pro.jpg,llave_regulable,train
llave_regulable\WIN_20260201_11_16_11_Pro.jpg,llave_regulable,train
llave_regulable\WIN_20260201_11_16_15_Pro.jpg,llave_regulable,test
llave_regulable\WIN_20260201_11_16_18_Pro.jpg,llave_regulable,train
llave_regulable\WIN_20260201_11_16_26_Pro.jpg,llave_regulable,train
llave_regulable\WIN_20260201_11_16_32_Pro.jpg,llave_regulable,train
llave_regulable\WIN_20260201_11_16_41_Pro.jpg,llave_regulable,train
llave_regulable\WIN_20260201_11_16_47_Pro.jpg,llave_regulable,train
llave_regulable\WIN_20260201_11_16_57_Pro.jpg,llave_regulable,val
llave_regulable\WIN_20260201_11_17_07_Pro.jpg,llave_regulable,test
llave_regulable\WIN_20260201_11_17_21_Pro.jpg,llave_regulable,val
llave_regulable\WIN_20260201_11_17_43_Pro.jpg,llave_regulable,train
llave_regulable\WIN_20260201_11_17_50_Pro.jpg,llave_regulable,val
llave_regulable\WIN_20260201_11_17_55_Pro.jpg,llave_regulable,train
llave_regulable\WIN_20260201_11_18_00_Pro.jpg,llave_regulable,train
llave_regulable\WIN_20260201_11_18_05_Pro.jpg,llave_regulable,train
llave_regulable\WIN_20260201_11_18_10_Pro.jpg,llave_regulable,train
llave_regulable\WIN_20260201_11_18_15_Pro.jpg,llave_regulable,train
llave_regulable\WIN_20260201_11_18_21_Pro.jpg,llave_regulable,train
llave_regulable\WIN_20260201_11_18_26_Pro.jpg,llave_regulable,val
llave_regulable\WIN_20260201_11_18_32_Pro.jpg,llave_regulable,test
llave_regulable\WIN_20260201_11_18_40_Pro.jpg,llave_regulable,val
llave_regulable\WIN_20260201_11_18_45_Pro.jpg,llave_regulable,train
llave_regulable\WIN_20260201_11_18_53_Pro.jpg,llave_regulable,train
llave_regulable\WIN_20260201_11_19_02_Pro.jpg,llave_regulable,train
llave_regulable\WIN_20260201_11_19_15_Pro.jpg,llave_regulable,train
llave_regulable\WIN_20260201_11_19_21_Pro.jpg,llave_regulable,train
llave_regulable\WIN_20260201_11_19_25_Pro.jpg,llave_regulable,train
llave_regulable\WIN_20260201_11_19_29_Pro.jpg,llave_regulable,train
llave_regulable\WIN_20260201_11_19_35_Pro.jpg,llave_regulable,train
llave_regulable\WIN_20260201_11_19_46_Pro.jpg,llave_regulable,test
llave_regulable\WIN_20260201_11_20_15_Pro.jpg,llave_regulable,train
llave_regulable\WIN_20260201_11_20_21_Pro.jpg,llave_regulable,train
llave_regulable\WIN_20260201_11_20_27_Pro.jpg,llave_regulable,val
llave_regulable\WIN_20260201_11_22_52_Pro.jpg,llave_regulable,train
llave_regulable\WIN_20260201_11_22_55_Pro.jpg,llave_regulable,train
llave_regulable\WIN_20260201_11_22_57_Pro.jpg,llave_regulable,train
llave_regulable\WIN_20260201_11_22_59_Pro.jpg,llave_regulable,train
llave_regulable\WIN_20260201_11_23_01_Pro.jpg,llave_regulable,train
llave_regulable\WIN_20260201_11_23_04_Pro.jpg,llave_regulable,train
llave_regulable\WIN_20260201_11_23_07_Pro.jpg,llave_regulable,train
llave_regulable\WIN_20260201_11_23_13_Pro.jpg,llave_regulable,val
pelacables\001.jpg,pelacables,train
pelacables\002.jpg,pelacables,train
pelacables\003.jpg,pelacables,train
pelacables\004.jpg,pelacables,test
pelacables\005.jpg,pelacables,train
pelacables\006.jpg,pelacables,train
pelacables\007.jpg,pelacables,val
pelacables\008.jpg,pelacables,train
pelacables\009.jpg,pelacables,test
pelacables\010.jpg,pelacables,train
pelacables\011.jpg,pelacables,train
pelacables\012.jpg,pelacables,train
pelacables\013.jpg,pelacables,train
pelacables\014.jpg,pelacables,test
pelacables\015.jpg,pelacables,train
pelacables\016.jpg,pelacables,train
pelacables\017.jpg,pelacables,train
pelacables\018.jpg,pelacables,train
pelacables\019.jpg,pelacables,val
pelacables\020.jpg,pelacables,train
pelacables\021.jpg,pelacables,train
pelacables\022.jpg,pelacables,test
pelacables\023.jpg,pelacables,val
pelacables\024.jpg,pelacables,test
pelacables\025.jpg,pelacables,test
pelacables\026.jpg,pelacables,val
pelacables\027.jpg,pelacables,train
pelacables\028.jpg,pelacables,train
pelacables\029.jpg,pelacables,test
pelacables\030.jpg,pelacables,train
pelacables\031.jpg,pelacables,train
pelacables\032.jpg,pelacables,train
pelacables\033.jpg,pelacables,val
pelacables\034.jpg,pelacables,train
pelacables\035.jpg,pelacables,train
pelacables\036.jpg,pelacables,train
pelacables\037.jpg,pelacables,test
pelacables\038.jpg,pelacables,val
pelacables\039.jpg,pelacables,train
pelacables\040.jpg,pelacables,test
pelacables\041.jpg,pelacables,test
pelacables\042.jpg,pelacables,test
pelacables\043.jpg,pelacables,train
pelacables\044.jpg,pelacables,train
pelacables\045.jpg,pelacables,train
pelacables\046.jpg,pelacables,train
pelacables\047.jpg,pelacables,train
pelacables\048.jpg,pelacables,train
pelacables\049.jpg,pelacables,train
pelacables\050.jpg,pelacables,train
pelacables\051.jpg,pelacables,train
pelacables\052.jpg,pelacables,train
pelacables\053.jpg,pelacables,train
pelacables\054.jpg,pelacables,train
pelacables\055.jpg,pelacables,train
pelacables\056.jpg,pelacables,val
pelacables\057.jpg,pelacables,train
pelacables\058.jpg,pelacables,train
pelacables\059.jpg,pelacables,test
pelacables\060.jpg,pelacables,train
pelacables\061.jpg,pelacables,val
pelacables\062.jpg,pelacables,train
pelacables\063.jpg,pelacables,train
pelacables\064.jpg,pelacables,train
pelacables\065.jpg,pelacables,train
pelacables\066.jpg,pelacables,train
pelacables\067.jpg,pelacables,train
pelacables\068.jpg,pelacables,train
pelacables\069.jpg,pelacables,val
pelacables\070.jpg,pelacables,test
pelacables\071.jpg,pelacables,train
pelacables\072.jpg,pelacables,train
pelacables\073.jpg,pelacables,val
pelacables\074.jpg,pelacables,train
pelacables\075.jpg,pelacables,test
pelacables\076.jpg,pelacables,train
pelacables\077.jpg,pelacables,train
pelacables\078.jpg,pelacables,train
pelacables\079.jpg,pelacables,train
pelacables\080.jpg,pelacables,train
pelacables\081.jpg,pelacables,test
pelacables\082.jpg,pelacables,train
pelacables\083.jpg,pelacables,train
pelacables\084.jpg,pelacables,train
pelacables\085.jpg,pelacables,test
pelacables\086.jpg,pelacables,test
pelacables\087.jpg,pelacables,train
pelacables\088.jpg,pelacables,val
pelacables\089.jpg,pelacables,train
pelacables\090.jpg,pelacables,val
pelacables\091.jpg,pelacables,train
pelacables\092.jpg,pelacables,train
pelacables\093.jpg,pelacables,train
pelacables\094.jpg,pelacables,train
pelacables\095.jpg,pelacables,train
pelacables\096.jpg,pelacables,val
pelacables\097.jpg,pelacables,train
pelacables\098.jpg,pelacables,test
pelacables\099.jpg,pelacables,train
pelacables\100.jpg,pelacables,test
pelacables\101.jpg,pelacables,train
pelacables\102.jpg,pelacables,train
pelacables\103.jpg,pelacables,test
pelacables\104.jpg,pelacables,train
pelacables\105.jpg,pelacables,val
pelacables\106.jpg,pelacables,train
pelacables\107.jpg,pelacables,train
pelacables\108.jpg,pelacables,test
pelacables\109.jpg,pelacables,test
pelacables\110.jpg,pelacables,train
pelacables\111.jpg,pelacables,train
pelacables\112.jpg,pelacables,val
pelacables\113.jpg,pelacables,val
pelacables\114.jpg,pelacables,test
pelacables\115.jpg,pelacables,test
pelacables\116.jpg,pelacables,train
pelacables\117.jpg,pelacables,train
pelacables\118.jpg,pelacables,val
pelacables\119.jpg,pelacables,train
pelacables\120.jpg,pelacables,test
pelacables\121.jpg,pelacables,train
pelacables\122.jpg,pelacables,train
pelacables\123.jpg,pelacables,train
pelacables\124.jpg,pelacables,train
pelacables\125.jpg,pelacables,train
pelacables\126.jpg,pelacables,train
pelacables\127.jpg,pelacables,train
pelacables\128.jpg,pelacables,test
pelacables\129.jpg,pelacables,val
pelacables\130.jpg,pelacables,train
pelacables\131.jpg,pelacables,train
pelacables\132.jpg,pelacables,val
pelacables\133.jpg,pelacables,train
pelacables\134.jpg,pelacables,train
pelacables\135.jpg,pelacables,train
pelacables\136.jpg,pelacables,train
pelacables\137.jpg,pelacables,train
pelacables\138.jpg,pelacables,train
pelacables\139.jpg,pelacables,train
pelacables\140.jpg,pelacables,val
pelacables\141.jpg,pelacables,train
pelacables\142.jpg,pelacables,val
pelacables\143.jpg,pelacables,val
pelacables\144.jpg,pelacables,train
pelacables\145.jpg,pelacables,train
pelacables\146.jpg,pelacables,test
pelacables\147.jpg,pelacables,val
pelacables\148.jpg,pelacables,train
pelacables\149.jpg,pelacables,train
pelacables\150.jpg,pelacables,val
pelacables\151.jpg,pelacables,train
pelacables\152.jpg,pelacables,train
pelacables\153.jpg,pelacables,val
pelacables\154.jpg,pelacables,test
pelacables\155.jpg,pelacables,train
pelacables\156.jpg,pelacables,train
pelacables\157.jpg,pelacables,train
pelacables\158.jpg,pelacables,test
pelacables\159.jpg,pelacables,val
pelacables\160.jpg,pelacables,train
pelacables\161.jpg,pelacables,val
pelacables\162.jpg,pelacables,train
pelacables\163.jpg,pelacables,train
pelacables\164.jpg,pelacables,val
pelacables\165.jpg,pelacables,train
pelacables\166.jpg,pelacables,train
pelacables\167.jpg,pelacables,train
pelacables\168.jpg,pelacables,val
pelacables\169.jpg,pelacables,train
pelacables\170.jpg,pelacables,val
pelacables\171.jpg,pelacables,train
pelacables\172.jpg,pelacables,train
pelacables\173.jpg,pelacables,train
pelacables\174.jpg,pelacables,train
pelacables\175.jpg,pelacables,train
pelacables\176.jpg,pelacables,train
pelacables\177.jpg,pelacables,train
pelacables\178.jpg,pelacables,train
pelacables\179.jpg,pelacables,train
pelacables\180.jpg,pelacables,train
pelacables\181.jpg,pelacables,train
pelacables\182.jpg,pelacables,train
pelacables\183.jpg,pelacables,train
pelacables\184.jpg,pelacables,train
pelacables\185.jpg,pelacables,train
pelacables\186.jpg,pelacables,train
pelacables\187.jpg,pelacables,train
pelacables\188.jpg,pelacables,train
pelacables\189.jpg,pelacables,train
pelacables\190.jpg,pelacables,train
pelacables\191.jpg,pelacables,train
pelacables\192.jpg,pelacables,train
pelacables\193.jpg,pelacables,train
pelacables\194.jpg,pelacables,train
pelacables\195.jpg,pelacables,test
pelacables\196.jpg,pelacables,train
pelacables\197.jpg,pelacables,train
pelacables\198.jpg,pelacables,train
pelacables\199.jpg,pelacables,train
pelacables\200.jpg,pelacables,val
pelacables\201.jpg,pelacables,train
pelacables\202.jpg,pelacables,train
wincha\001.jpg,wincha,val
wincha\002.jpg,wincha,train
wincha\003.jpg,wincha,test
wincha\004.jpg,wincha,train
wincha\005.jpg,wincha,train
wincha\006.jpg,wincha,train
wincha\007.jpg,wincha,train
wincha\008.jpg,wincha,train
wincha\009.jpg,wincha,train
wincha\010.jpg,wincha,test
wincha\011.jpg,wincha,train
wincha\012.jpg,wincha,train
wincha\013.jpg,wincha,train
wincha\014.jpg,wincha,train
wincha\015.jpg,wincha,train
wincha\016.jpg,wincha,test
wincha\017.jpg,wincha,train
wincha\018.jpg,wincha,val
wincha\019.jpg,wincha,train
wincha\020.jpg,wincha,train
wincha\021.jpg,wincha,val
wincha\022.jpg,wincha,train
wincha\023.jpg,wincha,train
wincha\024.jpg,wincha,train
wincha\025.jpg,wincha,train
wincha\026.jpg,wincha,train
wincha\027.jpg,wincha,train
wincha\028.jpg,wincha,train
wincha\029.jpg,wincha,train
wincha\030.jpg,wincha,val
wincha\031.jpg,wincha,train
wincha\032.jpg,wincha,train
wincha\033.jpg,wincha,train
wincha\034.jpg,wincha,train
wincha\035.jpg,wincha,train
wincha\036.jpg,wincha,val
wincha\037.jpg,wincha,test
wincha\038.jpg,wincha,train
wincha\039.jpg,wincha,val
wincha\040.jpg,wincha,train
wincha\041.jpg,wincha,val
wincha\042.jpg,wincha,train
wincha\043.jpg,wincha,val
wincha\044.jpg,wincha,train
wincha\045.jpg,wincha,val
wincha\046.jpg,wincha,train
wincha\047.jpg,wincha,train
wincha\048.jpg,wincha,train
wincha\049.jpg,wincha,test
wincha\050.jpg,wincha,train
wincha\051.jpg,wincha,train
wincha\052.jpg,wincha,val
wincha\053.jpg,wincha,val
wincha\054.jpg,wincha,train
wincha\055.jpg,wincha,train
wincha\056.jpg,wincha,train
wincha\057.jpg,wincha,train
wincha\058.jpg,wincha,val
wincha\059.jpg,wincha,train
wincha\060.jpg,wincha,train
wincha\061.jpg,wincha,val
wincha\062.jpg,wincha,test
wincha\063.jpg,wincha,val
wincha\064.jpg,wincha,train
wincha\065.jpg,wincha,test
wincha\066.jpg,wincha,train
wincha\067.jpg,wincha,train
wincha\068.jpg,wincha,test
wincha\069.jpg,wincha,train
wincha\070.jpg,wincha,train
wincha\071.jpg,wincha,train
wincha\072.jpg,wincha,train
wincha\073.jpg,wincha,test
wincha\074.jpg,wincha,train
wincha\075.jpg,wincha,train
wincha\076.jpg,wincha,train
wincha\077.jpg,wincha,train
wincha\078.jpg,wincha,train
wincha\079.jpg,wincha,train
wincha\080.jpg,wincha,train
wincha\081.jpg,wincha,train
wincha\082.jpg,wincha,train
wincha\083.jpg,wincha,train
wincha\084.jpg,wincha,test
wincha\085.jpg,wincha,train
wincha\086.jpg,wincha,train
wincha\087.jpg,wincha,train
wincha\088.jpg,wincha,test
wincha\089.jpg,wincha,train
wincha\090.jpg,wincha,train
wincha\091.jpg,wincha,val
wincha\092.jpg,wincha,train
wincha\093.jpg,wincha,train
wincha\094.jpg,wincha,train
wincha\095.jpg,wincha,train
wincha\096.jpg,wincha,train
wincha\097.jpg,wincha,val
wincha\098.jpg,wincha,train
wincha\099.jpg,wincha,train
wincha\100.jpg,wincha,val
wincha\101.jpg,wincha,train
wincha\102.jpg,wincha,train
wincha\103.jpg,wincha,test
wincha\104.jpg,wincha,train
wincha\105.jpg,wincha,train
wincha\106.jpg,wincha,val
wincha\107.jpg,wincha,train
wincha\108.jpg,wincha,train
wincha\109.jpg,wincha,val
wincha\110.jpg,wincha,train
wincha\111.jpg,wincha,train
wincha\112.jpg,wincha,train
wincha\113.jpg,wincha,train
wincha\114.jpg,wincha,train
wincha\115.jpg,wincha,val
wincha\116.jpg,wincha,train
wincha\117.jpg,wincha,train
wincha\118.jpg,wincha,train
wincha\119.jpg,wincha,train
wincha\120.jpg,wincha,test
wincha\121.jpg,wincha,test
wincha\122.jpg,wincha,train
wincha\123.jpg,wincha,val
wincha\124.jpg,wincha,train
wincha\125.jpg,wincha,train
wincha\126.jpg,wincha,train
wincha\127.jpg,wincha,train
wincha\128.jpg,wincha,train
wincha\129.jpg,wincha,train
wincha\130.jpg,wincha,train
wincha\131.jpg,wincha,train
wincha\132.jpg,wincha,train
wincha\133.jpg,wincha,test
wincha\134.jpg,wincha,train
wincha\135.jpg,wincha,train
wincha\136.jpg,wincha,train
wincha\137.jpg,wincha,train
wincha\138.jpg,wincha,train
wincha\139.jpg,wincha,train
wincha\140.jpg,wincha,test
wincha\141.jpg,wincha,train
wincha\142.jpg,wincha,test
wincha\143.jpg,wincha,test
wincha\144.jpg,wincha,train
wincha\145.jpg,wincha,train
wincha\146.jpg,wincha,test
wincha\147.jpg,wincha,train
wincha\148.jpg,wincha,train
wincha\149.jpg,wincha,train
wincha\150.jpg,wincha,train
wincha\151.jpg,wincha,train
wincha\152.jpg,wincha,train
wincha\153.jpg,wincha,test
wincha\154.jpg,wincha,train
wincha\155.jpg,wincha,train
wincha\156.jpg,wincha,val
wincha\157.jpg,wincha,val
wincha\158.jpg,wincha,test
wincha\159.jpg,wincha,train
wincha\160.jpg,wincha,val
wincha\161.jpg,wincha,train
wincha\162.jpg,wincha,train
wincha\163.jpg,wincha,train
wincha\164.jpg,wincha,train
wincha\165.jpg,wincha,val
wincha\166.jpg,wincha,train
wincha\167.jpg,wincha,train
wincha\168.jpg,wincha,val
wincha\169.jpg,wincha,train
wincha\170.jpg,wincha,train
wincha\171.jpg,wincha,val
wincha\172.jpg,wincha,train
wincha\173.jpg,wincha,test
wincha\174.jpg,wincha,train
wincha\175.jpg,wincha,train
wincha\176.jpg,wincha,test
wincha\177.jpg,wincha,test
wincha\178.jpg,wincha,train
wincha\179.jpg,wincha,train
wincha\180.jpg,wincha,train
wincha\181.jpg,wincha,train
wincha\182.jpg,wincha,test
wincha\183.jpg,wincha,train
wincha\184.jpg,wincha,test
wincha\185.jpg,wincha,test
wincha\186.jpg,wincha,train
wincha\187.jpg,wincha,val
wincha\188.jpg,wincha,train
wincha\189.jpg,wincha,train
wincha\190.jpg,wincha,train
wincha\191.jpg,wincha,train
wincha\192.jpg,wincha,val
wincha\193.jpg,wincha,val
wincha\194.jpg,wincha,train
wincha\195.jpg,wincha,test
wincha\196.jpg,wincha,test
wincha\197.jpg,wincha,val
wincha\198.jpg,wincha,test
wincha\199.jpg,wincha,train
wincha\200.jpg,wincha,train
wincha\201.jpg,wincha,train
wincha\202.jpg,wincha,train
